<?xml version="1.0" encoding="UTF-8"?>
<beans xmlns="http://www.springframework.org/schema/beans"
	xmlns:xsi="http://www.w3.org/2001/XMLSchema-instance"
	xmlns:context="http://www.springframework.org/schema/context"
	xmlns:tx="http://www.springframework.org/schema/tx"
	xmlns:p="http://www.springframework.org/schema/p"
	xsi:schemaLocation="http://www.springframework.org/schema/beans
  http://www.springframework.org/schema/beans/spring-beans-3.0.xsd
  http://www.springframework.org/schema/context
  http://www.springframework.org/schema/context/spring-context-3.0.xsd 
  http://www.springframework.org/schema/tx 
  http://www.springframework.org/schema/tx/spring-tx.xsd">

	<tx:annotation-driven />

	<context:component-scan base-package="DaoRepository" />
	<context:component-scan	base-package="Servicios" />

	<bean id="dataSource"
		class="org.apache.commons.dbcp.BasicDataSource" destroy-method="close">
		<property name="driverClassName"
			value="com.mysql.jdbc.Driver" />
		<property name="url"
			value="jdbc:mysql://localhost:3306/prueba" />
		<property name="username" value="root" />
		<property name="password" value="1234" />
	</bean>

	<!-- <bean id="entityManagerFactory" -->
	<!-- class="org.springframework.orm.jpa.LocalContainerEntityManagerFactoryBean"> -->
	<!-- <property name="persistenceUnitName" value="testPU" /> -->
	<!-- <property name="dataSource" ref="dataSource" /> -->
	<!-- </bean> -->

	<bean
		class="org.springframework.orm.jpa.LocalContainerEntityManagerFactoryBean"
		id="entityManagerFactory">
		<property name="dataSource" ref="dataSource" />
		<property name="jpaVendorAdapter" ref="jpaVendorAdapter" />
		<property name="persistenceUnitName" value="jpaVendorAdapter" />
		<property name="jpaProperties">
			<props>
				<prop key="hibernate.show_sql">true</prop>
				<prop key="hibernate.hbm2ddl.auto">none</prop>
			</props>
		</property>
	</bean>

	<bean id="jpaVendorAdapter"
		class="org.springframework.orm.jpa.vendor.HibernateJpaVendorAdapter">
		<property name="showSql" value="true" />
		<property name="generateDdl" value="true" />
		<property name="databasePlatform"
			value="org.hibernate.dialect.MySQL5Dialect" />
	</bean>
	<bean id="transactionManager"
		class="org.springframework.orm.jpa.JpaTransactionManager">
		<property name="entityManagerFactory"
			ref="entityManagerFactory" />
	</bean>

</beans>