<?xml version="1.0" encoding="UTF-8"?>
<!DOCTYPE hibernate-configuration PUBLIC "-//Hibernate/Hibernate Configuration DTD 3.0//EN" "http://www.hibernate.org/dtd/hibernate-configuration-3.0.dtd">
 <hibernate-configuration>
	<session-factory>
		<property name="connection.driver_class">com.mysql.jdbc.Driver</property>
		<property name="connection.url">jdbc:mysql://localhost/prueba</property>
		<property name="connection.username">root</property>
		<property name="connection.password">1234</property>
		<property name="dialect">org.hibernate.dialect.MySQL5Dialect</property>
		<property name="hibernate.show_sql">true</property>

		<mapping class="Persona"/>
		<mapping class="Alumno"/>
		<mapping class="Profesor"/>
		<mapping class="Titulacion"/>
		<mapping class="Asignatura"/>
		<mapping class="Alumno_asignatura"/>

	</session-factory>
</hibernate-configuration>